Seats,Avg_Mileage,Avg_Power
2.0,12.487692307692308,345.01076923076926
4.0,17.316666666666666,169.29182795698924
5.0,18.82061990212072,107.91407830342578
6.0,15.858620689655172,109.29586206896552
7.0,14.652619760479043,145.8777844311377
8.0,13.234436090225564,106.75947368421053
9.0,13.526666666666666,97.23333333333333
10.0,13.7675,78.275
